count,Vitamin,Tips,Line1,Line2,Line3,Line4,Image
1,Vitamin A,"Fuel your body with a glass of milk, a natural source of essential nutrients for strong bones",Drinking milk can help support strong bones and teeth due to its high calcium content.,"Protein in milk aids in tissue repair, muscle growth, and immune function.",The vitamin D in milk assists in calcium absorption and helps maintain healthy bones.,"Milk is a versatile ingredient that can be used in various recipes, such as smoothies, soups, and desserts, to boost nutritional value","https://i.mscwlns.co/mosaic-wellness/image/upload/f_auto,w_1000,c_limit/v1643983013/BW%20BLOG/Untitled-design---2022-02-04T192644.467_11zon.jpg"
2,Vitamin C,Start your day by squeezing fresh lemon juice into a glass of warm water to kickstart your morning,"Warm lemon water rehydrates the body, supporting digestion, circulation, and temperature regulation after sleep.","Lemon's citric acid stimulates digestive enzyme production, aiding efficient digestion and reducing indigestion symptoms.","Rich in vitamin C, lemon juice boosts immunity, helping to defend against infections and illnesses.","As an antioxidant, vitamin C helps protect our cells from damage caused by harmful free radicals. ",https://t3.ftcdn.net/jpg/05/24/12/64/360_F_524126442_0QT3ogaevw3Uny30IPBnOEaVcDFgwYFH.jpg
3,Vitamin D,"Pairing fortified orange juice with a morning walk in sunlight enhances Vitamin D levels, crucial for bone health, immunity, and mood regulation.","Vitamin D plays a crucial role in calcium absorption, which is vital for maintaining strong and healthy bones.",Vitamin D plays a role in supporting immune system function and can help reduce the risk of respiratory infections.,"Vitamin D is linked to mood regulation, and deficiency may contribute to feelings of low mood or depression.","Despite its acidic nature, lemon juice metabolizes to alkalize the body, potentially reducing inflammation and preventing chronic diseases.",https://blog-images-1.pharmeasy.in/blog/production/wp-content/uploads/2022/07/24225309/3.jpg
4,Vitamin E,Embrace the Power of E! Nurture your body with Vitamin E. Boost your skin's radiance with Vitamin E-rich avocados.,"Morning sunlight exposure triggers the skin's synthesis of Vitamin D, essential for calcium absorption and overall well-being.","Adequate Vitamin D levels from sunlight and fortified orange juice strengthen the immune system, aiding in defense against infections and diseases.",Vitamin D synthesis from sunlight and consumption of fortified orange juice may help regulate mood and reduce the risk of depression and seasonal affective disorder.,"Vitamin E is often praised for its benefits to the skin. It helps moisturize and protect the skin from environmental damage, keeping it healthy and vibrant. ",https://nawon.com.vn/wp-content/uploads/2023/10/avocado-juice-drinks.jpg
5,Vitamin K,"Increasing leafy green vegetables like kale and spinach in your diet enhances vitamin K intake, crucial for blood clotting and bone health. ","Adequate vitamin K from leafy greens supports the production of clotting factors, essential for proper blood coagulation and wound healing.","Vitamin K contributes to bone metabolism, helping to maintain bone density and reduce the risk of fractures and osteoporosis.","Vitamin K may also play a role in cardiovascular health by regulating calcium deposition in arteries, potentially reducing the risk of arterial calcification and heart disease.",Enhance bone health: Vitamin K works synergistically with calcium and other nutrients to support strong and healthy bones.,https://media.istockphoto.com/id/485131020/zh/%E7%85%A7%E7%89%87/green-vegetable-juice-on-rustic-wood-table.jpg?s=170667a&w=0&k=20&c=dh4oU3cNK-RY7jKIl14bHs-ZhNsHrIKGxgto2ptwtrw=
6,Vitamin B1 (Thiamine),Go Whole Grain! Boost Strength with Vitamin B1,"Opting for whole grains increases vitamin B1 intake, vital for energy production and nerve function, aiding overall strength and vitality. ","Vitamin B1, found abundantly in whole grains, assists in converting carbohydrates into energy, supporting physical endurance and muscle strength.","Adequate vitamin B1 from whole grains helps maintain healthy nerve function, essential for proper muscle coordination and overall strength.",Biotin is essential during pregnancy and breastfeeding as it supports embryonic growth and development. Adequate biotin intake is important for the ,https://www.eatingwell.com/thmb/GGbjdvYTmKwoWm8ODd1j-C5yKXU=/1500x0/filters:no_upscale():max_bytes(150000):strip_icc()/NMD-Whole-Grain-Cooking-Guide-3x2-1-2000-44c79294d5094f4e9cd0339790f86778.jpg
7,Vitamin B2 (Riboflavin),Boost your riboflavin intake with delicious leafy greens like spinach!,"Incorporating leafy greens like spinach into your diet boosts riboflavin intake, crucial for energy production and cell growth, enhancing overall health. ","Riboflavin, abundant in spinach and other leafy greens, aids in the metabolism of fats, carbohydrates, and proteins, supporting sustained energy levels and vitality.","Adequate riboflavin from spinach facilitates tissue repair and maintenance, promoting muscle recovery and optimal function after exercise or physical exertion.","Riboflavin also contributes to eye health by supporting the function of antioxidants that protect against oxidative stress, potentially reducing the risk of age-related vision problems.",https://static01.nyt.com/images/2023/11/28/multimedia/PF-Sauteed-Spinach-zvkm/PF-Sauteed-Spinach-zvkm-superJumbo.jpg
8,Vitamin B3 (Niacin),Include delicious and nutritious bananas in your diet to increase your intake of vitamin B3.,"Adding bananas to your diet elevates vitamin B3 intake, crucial for energy metabolism and nervous system function, promoting overall well-being. ","Vitamin B3, plentiful in bananas, aids in the conversion of food into energy, supporting endurance and vitality throughout the day.","Adequate vitamin B3 from bananas helps maintain a healthy nervous system, contributing to proper nerve function and neurotransmitter synthesis.","Vitamin B3 also plays a role in skin health by supporting the maintenance of a healthy skin barrier, potentially reducing inflammation and promoting a radiant complexion.",https://cdn-prod.medicalnewstoday.com/content/images/articles/271/271157/bananas-chopped-up-in-a-bowl.jpg
9,Vitamin B5 (Pantothenic Acid),"The Energy Booster for a Vibrant You!"". Avocados are not only delicious but also packed with essential nutrients.","Avocados, dubbed ""The Energy Booster for a Vibrant You,"" offer a plethora of essential nutrients vital for overall health and vitality. ","Avocados are rich in heart-healthy monounsaturated fats, which help lower bad cholesterol levels and reduce the risk of heart disease. ","Avocados are densely packed with nutrients like potassium, fiber, vitamins E, K, and B-vitamins, contributing to optimal health, energy, and vitality. ","The combination of healthy fats, fiber, and nutrients in avocados promotes feelings of fullness and aids in weight management, supporting sustained energy levels and a vibrant lifestyle. ",https://blog-images-1.pharmeasy.in/blog/production/wp-content/uploads/2021/01/03161820/shutterstock_785296315-1-1.jpg
10,Vitamin B6,Including B6 in diet can help boost  energy levels and support the proper functioning of  nervous system.,"Integrating vitamin B6 into your diet can elevate energy levels by facilitating the metabolism of carbohydrates, fats, and proteins, providing fuel for the body's activities. ","Vitamin B6 aids in the synthesis of neurotransmitters like serotonin and dopamine, essential for proper nerve function, mood regulation, and cognitive performance. ","Vitamin B6 contributes to the formation of hemoglobin, the protein in red blood cells that carries oxygen throughout the body, enhancing overall energy and vitality. ","Vitamin B6 also supports immune function by aiding in the production of antibodies and promoting the activity of immune cells, helping the body defend against infections and illnesses. ",https://img.freepik.com/premium-vector/vitamin-b6-vector-stock-illustration-food-products-with-high-content-vitamin-b6-sweet-potato-ricotta-cheese-milk-salmon-tuna-avocado-spinach-eggs-carrots-beef-green-peas-banana_317038-667.jpg
11,Vitamin B7 (Biotin),"Berries, celebrated as ""Bountiful Biotin, Beautify with Berries!"", offer a rich source of biotin, a B-vitamin essential for healthy skin, hair, and nails. ","Biotin, abundant in berries, supports the growth and maintenance of strong, healthy hair and nails, reducing brittleness and promoting shine and resilience.","Biotin aids in the metabolism of carbohydrates, fats, and proteins, helping convert food into energy and supporting overall metabolic function. ","Adequate biotin intake from berries may contribute to vibrant, glowing skin by supporting the production of fatty acids crucial for skin health and hydration. ",Biotin is essential during pregnancy and breastfeeding as it supports embryonic growth and development. Adequate biotin intake is important for the health of both the mother and the developing baby.  ,https://post.medicalnewstoday.com/wp-content/uploads/sites/3/2020/02/321410_2200-732x549.jpg
12,Vitamin B9 (Folate or Folic Acid),"Incorporating spinach into your diet boosts folate intake, crucial for DNA synthesis, red blood cell formation, and overall cellular function. ","Folate, abundant in spinach, supports cell division and growth, aiding in tissue repair, immune function, and optimal organ function. ","Adequate folate intake, particularly during pregnancy, helps prevent neural tube defects in developing fetuses, emphasizing the importance of spinach for maternal and fetal health. ","Folate plays a role in reducing homocysteine levels in the blood, potentially lowering the risk of cardiovascular disease, making spinach an excellent addition to heart-healthy diets. ","Folate plays a crucial role in brain health and cognitive function. It is involved in the production of neurotransmitters, the chemical messengers that facilitate communication between brain cells.",https://media.post.rvohealth.io/wp-content/uploads/2019/05/spinach-732x549-thumbnail.jpg
13,Vitamin B12,"Energize your body, go fish for it! Don't forget to pair it with a side of nutrient-packed salmon or other seafood.","Incorporating seafood like salmon into your diet provides high-quality protein, essential for muscle repair, growth, and overall energy production. ","Salmon and other seafood are rich sources of omega-3 fatty acids, which support heart health, brain function, and inflammation reduction, enhancing overall vitality and well-being. ","Seafood such as salmon contains a plethora of essential nutrients including vitamin D, selenium, and B-vitamins, supporting immune function, bone health, and energy metabolism. ","The combination of protein, healthy fats, and nutrients in seafood promotes feelings of fullness and satiety, aiding in weight management and providing sustained energy throughout the day.","https://images.immediate.co.uk/production/volatile/sites/30/2021/07/Roast-seafood-dish-b585388.jpg?resize=768,574"
